推荐人ID,推荐书籍名称,书籍作者,推荐语,推荐日期
_碳十二_,《人类简史》,,,
_碳十二_,《毛泽东选集》,,真的好看,
草方块,《番茄工作法图解：简单易行的时间管理方法》,,,
杰希,计算机科学导论 机械工业出版社 （经典黑皮书）,,这本书简单介绍了CS相关知识，哪怕作为一本科普读物也是极其优秀的,
茶林,《红星照耀中国》,,刚好在看，这个理由可以嘛,
中二の起源,《今日简史》,,,
中二の起源,《万历十五年》,,,
中二の起源,《全球通史》,,,
棟菻,《走到人生边上》,,一本杨绛先生的小书，觉得生活没有意义的时候可以看一看，会给你启迪,
林子,《法学论文写作》,,,
今天也想吃肉,《薄世宁医学通识讲义》,,,
星空物语,《跟着张鸣上大学》,,准确剖析了中国大学存在的问题及现状，帮助中国大学生对大学生活做出合理的规划,
老师沈逸,《三体》,,硬核科幻作品,
华霑HZ,《烛烬》,马洛伊•山多尔,匈牙利文学 思考友谊的含义,
Yet,《原子习惯》,James Clear著 蔡世偉（台湾）译,是我看过有关习惯最深入最本质，而且能直接应用于生活的一本书,
星海的游吟诗人,《深入理解计算机系统》,,较硬核，简介介绍其书为为大学授课而编，推荐者众。,
星海的游吟诗人,《算法导论》,,较硬核，推荐者众,
星海的游吟诗人,《刻意练习》,,内容实测有效，推荐者众多,
星海的游吟诗人,《金字塔原理》,,,
喜欢摄影的小z同学,《北方的空地》,杨柳松,作者独自骑车去西藏无人区探险，里面有很多丰富的照片，纪实性较强,
榊噬,《民主四讲》,王绍光,有利于解构西方对于当代“民主”一词的定义的垄断,
榊噬,《阿莱克修斯传》,安娜·科穆宁,了解东罗马帝国科穆宁王朝的一手资料（可惜没有中文翻译）,
榊噬,《解构现代化》,温铁军,对于新中国现代化与经济建设的另一种观察与叙事，脱离意识形态（极度推荐学经济学的同学们读一读，防止学的理论脱离实际）,
-老局-,《裸猿》,戴斯蒙德 莫里斯,"人类学著作，对于回答""我是谁""这个问题可以给予一定的启发",
-老局-,《高卢战记》,尤里乌斯 恺撒,历史书，有战争场景，有权谋大略，读之如读三国,
言蹊,《我与地坛》,史铁生,关于人生的思考,
言蹊,《平凡的世界》,路遥,在我高三的时候给过我精神动力,
白煠蝶,《制作进行-一本书彻底让你了解动画制作》,舛本和也,扳机社对日本动画业界的制作流程叙述的一本书，如果想入行动画的小伙伴，可以试着去阅读这本书，当然了，想试着了解关于日本动画制作的小伙伴也可以尝试阅读（笑）,
yesi,《模型思维》,,看完之后对物理以及各类学科的理论学习有了新的视角,
,《基础有机化学》（手动滑稽）,邢其毅,有机化学的入门书,
yesi,《马祖尔物理学》,埃里克马祖尔,相比其他物理书更偏向告诉你物理结论然后用演绎的方法应用，这本书尝试换一种思路以物理学家的视角企图让学生自己归纳出物理原理，对知识讲解更深入非常适合自学,
yesi,《英语魔法师之语法俱乐部》,旋元佑,超级推荐给那些觉得英语语法看不懂的孩子，作者用新的观点重新讲解传统语法醍醐灌顶,
淘汰硬体,《中国哲学简史》,冯友兰,对中国的哲学有了一个大致的了解,
笨笨就喜欢这样的你,高效全平台全栈开发node.js+Express+MongoDB+React+Electron+ReactNative,吴晓一,可以对大学所学前端知识快速整合,没学过的也可以学,
你妹的桃桃,樊登讲论语,樊登,作者将论语和现代人的生活紧密联系在一起,
堂吉诃德的接班人,《风格感觉》,史蒂芬·平克,21世纪写作指南，论文清晰流畅写作的不二法宝。良好的写作风格确保信息的有效传达，赢得读者的信任，给世界增加美。,
二白,《机器人》《基地系列》,阿西莫夫,超级好看的科幻类小说！关于宇宙与人类交际的神奇作品,
小背头剪刀手,《发现社会》,兰德里·柯林斯,非常适合入门的社会学理论综述，小而全，写得很优美,
zoe,《病毒星球》,卡尔 齐默,一百多页的书，讲述了五百多页的内容。疫情前老师送给我的书，书中预测到了疫情。疫情后，书中的观点经常被很多科普的up主引用（能记得的有智能路障）,
天気,《Lehninger Principles of Biochemistry》,David L. Nelson | Michael M. Cox,国外优质生化教材，编排逻辑清晰，图片丰富，对帮助理解机理有很大帮助,
天気,《生物进化》,Douglas J. Futuyma,进化生物学优质教材，有中文译本,
是不爱了吗z,《宪法学讲义》,莫提默·J.艾德勒《如何阅读一本书》,法学宪法学专业推荐书籍,
胖三斤的喵,,林来梵,,
沐雨,《Linux就该这么学》,刘遄,,
沐雨,《白鹿原》,陈忠实,,
UKI,《人力资源管理》,加里·德斯勒,人力资源必看,
香辣饽饽,《认知天性》,彼得·c.布朗,,
小小哇哇,《一个人的好天气》,,空闲的日子里治愈人心,
小小哇哇,《山茶文具店》,,空闲的日子里治愈人心,
小小哇哇,《闪闪发光的人生》,,空闲的日子里治愈人心,
六月六月兄,《大灭绝时代》,伊丽莎白.科尔伯特,了解人类活动对生态环境的影响，物种灭绝就发生在我们日常生活中,
远志学,《黄帝内经》,人卫 / 中国中医出版社,中医人绕不开的书,
远志学,《AI岐黄中医大脑医案集》,林大栋（美）,古代智慧与当代科技的融合,
远志学,《圆运动的古中医学》,彭子益,,
远志学,《物演通论》,王东岳,提出了递弱代偿理论,
远志学,《代谢增长轮》,陈平,物理、生物等多学科交叉基础上了解经济系统,
远志学,《癌症真相》,菠萝,普通人是能读,
远志学,《如何高效学习》,斯科特·杨,,
远志学,《周期》,霍华顿·马斯卡,,
远志学,《洞见》,罗伯特·赖特,心理学理论印证佛学观点,
远志学,《新世界灵性的觉醒》,克哈特·托尔,觉醒,
远志学,《矛盾论》,毛泽东,要看,
远志学,《实践论》,毛泽东,要看,
远志学,《十次危机》,温铁军,要看,
星海的吟游诗人,《风格的要素》（建议外研社版本）,威廉·斯特伦克,受人安利的，全球英文写作的经典，可以精进你的英文写作，属于进阶类书藉。,
不懂的狐狸,《迷人的材料》 & 《迷人的液体》,马克·米奥多尼克,这两本书是材料学（啊，液体好像不是材料学范围的）的科普读物，写的风趣好玩，看完‘材料’的第一章我就买了好几把菜刀……,
Jesse,《增广贤文》,佚名,很赞的读物，虽然有其封建局限性，但利大于弊值得一读,
Dr周崖笙,《少有人走的路》,斯科特派克,心理学书籍，浅显易懂，有助于个人心灵成长,
1844年经济学哲学手稿,,卡尔·马克思,,
一大夹子,《编码》《贫穷的本质》《基本演绎法》,,主要是好看,
SsCczzz,《候场》,李诞,"（力推）以小说形式自述""李诞""在社会过来的心理路程，反思自己，正视自己。",
老老程,《嫌疑人x的献身》,东野圭吾,,
乾先生,《再被狐狸骗一次》,沈石溪,人与动物之间的友谊，往往是最纯真，最坚固，最令人感动的。,
永久性混吃等死,《红岩》,罗广斌,,
连续一个月上课背书,《金阁寺》,三岛由纪夫,与美的决裂，对庸俗的背叛,
我的前后桌是神经病,《红拂夜奔》,王小波,做自由的使徒,
达瓦里希,《绞刑架下的报告》,伏契克,星星之火，可以燎原,
记得剪头,《乌拉尼亚》,勒克莱齐奥,资本绞杀下人性的流浪,
别骂我,《田园诗和狂想曲》,秦晖,对于中国古代土地史的研究，是农民学研究的精品，观点可参考，拓展思路,
背书机器,《茶馆》,老舍,希望再没有第四幕,
我不是小布尔乔亚,《共产主义abc》,布哈林,虽然偶尔有些离谱，但布哈林真不是小布尔乔亚,
澹月骑,《娱乐至死》,尼尔·波兹曼,在当下，我们都该思考下新兴媒体，如互联网，抖音，快手对于我们最隐晦的影响,
澹月骑,《爱的艺术》,艾里希·弗洛姆,人人都说自己爱着他人。而爱是一门艺术而不是空话，正如我们所修习的其他艺术一样，爱，也需要学习。,
澹月骑,《瓦尔登湖》,亨利·戴维·梭罗,这本书可能很有名，也可能很枯燥。因为它受人追捧，却与当下格格不入。在如今快人亿步的社会，梭罗笔下的慢生活是否仅能是一种奢望，只能存留在笔下？,
漠以,《光荣革命》,,,
漠以,《时间简史》,,,
漠以,《从总账到总监》,,,
澹月骑,《存在的艺术》,艾里希·弗洛姆,我们活着不是以我们占有什么为意义，而是我们应该怎样存在,
日月,《基因论》,摩尔根,,
律师转职法师,《美学散步》,宗白华,教你鉴赏美在何处,
单调的梦,《文明的故事》（1-11全集）,威尔·杜兰特（夫妇）,记载了人类发展史上的种种文明成果，涵盖政治、经济、军事、科技、宗教、文化、哲学、历史、教育、艺术、音乐等诸多领域的发展的历程。是一套关于人类文明的旷世巨作，由哲学家、文化史学家威尔杜兰特及其夫人共同执笔，历经四十年写就。,
单调的梦,《当下的启蒙》,史蒂芬·平克,一本关于理性，科学和当下的书。,
单调的梦,《鼠疫》,加缪,关于曾经发生过疫情，死亡和人性的高光的故事,
单调的梦,《优秀的绵羊》,威廉·德雷谢维奇,来自有着几十年在美国知名常青藤大学的教龄的教授对当下大学精英教育做出的反思。,
单调的梦,《道林格雷的画像》,王尔德,讲述艺术性，人的良知和欲望之间博弈的故事。,
单调的梦,《如何高效学习：1年完成麻省理工4年33门课程的整体性学习法》,斯科特·扬,工具书，学有余力者可以用用看。学习吃力者的话，建议先从拥有一个良好的，规律的和健康的生活作息。,
单调的梦,《飞鸟集》,泰戈尔,私货，生活中总要有诗和远方,
榊噬,《国家与革命》,列宁,,
榊噬,《社会改良还是革命？》,罗莎·卢森堡,,
榊噬,《斯大林全集》,斯大林,,
黎明,《人生的智慧》,亚瑟·叔本华,读完此书后人生会坦然许多，并非鸡汤文，而是蕴含了叔本华丰富的思想，悲观主义并非贬义词，做个乐观的悲观主义者没什么不好，当你是个悲观主义者时，社会上的许多困境便消失不见了,
雨一直下风一,《活着》,余华,活着,
2013海雕,《明朝那些事儿》,当年明月,轻轻松松看历史，对历史充满了兴趣,
雷无桀,《平凡的世界》,路遥,原来人不管在什么条件下都可以坚强的活着啊,
完颜革,《神经漫游者》,威廉吉布森,就是得看看,
苹果吃青蛙,《82年生的金智英》,赵南柱[韩],千万个亚洲女生都能在金智英身上找到自己的影子，这本书在韩国引起了很大轰动，孔刘出演了同名改编电影，韩国总统也读过此书。但凡相信平等的人，都是女性主义者。,
卖辣条的绅士星,《C Primer Plus》,[美]史蒂芬·普拉达,c语言的经典教材，详细且易懂,
Ch恩,《枪炮，细菌与钢铁》,Jared Diamond,重新认识人类，展示人类学的奥妙,
小树先森,《被讨厌的勇气》,岸见一朗 古贺史熊,是相信过去决定现在的原因论还是相信你做的都处于某种目的的目的论，人生课题的分离，我们所能决定的只有自己,
宇志海阿虚,《高效休息法》,久贺谷亮,专注于怎么休息好，不仅身体休息，大脑疲劳不是仅仅靠身体休息可以消除的，提高学习效率很不错,
羊男,《人生的智慧》,叔本华,哲学类书籍，通俗而又深刻,
羊男,《田园诗与狂想曲》,秦晖,中国农民学，真知灼见,
超级美丽的雨,《活着》,余华,故事引人入胜，看的进去且能感悟很多,
言灵_kotodama,《百年孤独》,马尔克斯,,
不知道腻,《社会性动物》,,,
gdmagd,《自卑与超越》,阿弗雷德·阿德勒,心理学著作，“阿德勒（作者）的心理学在在心理学历史中是第一个沿着我们今天应该称之为社会科学的方向发展的心理学体系。”,
侽--,《经济学原理》,曼昆,经济学专业必读之物,
春野真穹,《海边的卡夫卡》,村上春树,富有幽默感，使我们坦然接受那些怀有敏感问题的人物，读起来很放松，,
春野真穹,《激荡三十年》,吴晓波,一部中国企业创业史,
春野真穹,《艺术的故事》,E.H.贡布里希,有好多画作可以看，买一本实体书比较好，各个时期的艺术潮流也有讲解,
阿幸,《斯坦因西域游历丛书》,,喜欢西域历史的入门读物,
还没想好,《未央歌》,鹿桥,,
还没想好,《做一只特立独行的猪》,王小波,,
还没想好,《幸福的方法》,（美）泰勒本-沙哈尔,,
还没想好,《活出心花怒放的人生》,彭凯平,,
还没想好,《法学是什么》,喻中,,
Asterik,《法兰柴思事件》及其系列,约瑟芬•铁伊,优秀的侦探小说，在前期有伏笔，而且结局出乎意料,
Asterik,《事实》,汉斯•罗斯林 安娜•罗斯林•罗郎德 欧拉•罗斯林,基于对世界的认识整理了日常常见的思维惯性导致的错误认知，并辅以数据，应该可以成为客观认识的启蒙,
小马不想努力,《红楼梦》,曹雪芹,这个不用说了吧,
灌汤菠萝包,《无人生还》,阿加莎,侦探小说，阿婆真的好会渲染氛围，越到后面越紧张。,
灌汤菠萝包,《那不勒斯四部曲》,埃莱娜·费兰特,主要讲的友谊，但不仅仅讲了友谊。但真的好好看！hbo有拍剧版的出到第二季了，名字用的第一部的名字“我的天才女友”,
十三兰德,《美丽新世界》,奥尔德思赫胥黎,讨论的是：虚构了一个世界，在那里，你不会饥饿，不会为金钱烦恼，没有婚姻束缚和道德桎梏，没有父母对你耳边唠唠叨叨，你的身材和青春永驻。像这样的世界，你会想要去吗？,
十三兰德,《摇摆的心》,沼田真帆香留,如果你的至亲是一个变态杀人犯那样的人格，你的生活会怎样,
十三兰德,《横道世之介》,吉田修一,一个普通人的故事，他就在你我身边。笔触温柔细腻，合上书之后鼻子会感到酸酸的难过,
十三兰德,《道林格雷的画像》,奥斯卡王尔德,探讨美的含义，如果美永远的存在，但是这个人却是一个恶魔的存在。,
,《生吞》,郑执,2003年的冬天，一幢半废弃的建筑物“鬼楼”前的雪坑里发现了一具赤裸女尸。
十年后，又一具女尸出现在同一个雪坑里，且作案手段完全一致。
但当年的重大嫌疑人早就去世，真相到底是什么？
尘封旧案重见天日，一段少男少女的残酷往事也随之浮出水面。,
,《金色梦乡》,伊坂幸太郎,如果巨大势力把你视为肉中刺的时候，你会怎么逃出,
Roam牧头人,《了不起的我》,陈海贤,作者是浙大心理学博士，在得到上开过课程，这本书讲的是自我发展的心理学，相比传统的心理学相关书籍，实用性和适用性都很强，读的过程中会对照发现自我思维的局限性，同时又让人内心开阔，值得反复阅读,
孰湖,《刀锋》,[英]威廉•萨默塞特•毛姆,对精神世界的追求，毛姆在其中设定了两类非常鲜明的对比（可能不止），读完引人深思,
岁在诹訾,《奇特的一生》,格拉宁,怎么样利用时间,
岁在诹訾,《乡土中国》,费孝通,中国社会的乡土性,
岁在诹訾,《中国古代文化常识》,王力,,
杨絮不吃苦瓜,《如何阅读一本书》,[美]莫提默·J·艾德勒 查尔斯·范多伦,阅读应该是主动的行为，而以增进理解力为目的的阅读不应该只用一种方式或一种速度阅读。作者介绍阅读的四个层次同时给出了增进理解力的有效方法。读书是必须做的，这本书能让你做的更好。,
杨絮不吃苦瓜,《给青年的十二封信》,朱光潜,在十多岁的年纪避不开迷茫，这本书算是作为前辈的一点指导，没有说教的感觉，篇幅不长，但是很值得读。,
小哲,《刑法学讲义》,罗翔,可以对于刑法有一个初步的认识，罗翔在视频中讲的内容，本书也大部分有所涉及。,
无聊の暮庆,《被讨厌的勇气》,古贺史健,心理学，哲学，思考人生有很大帮助和影响(ФωФ),
匿,《吾国教育病理》,郑也夫,中国教育的问题、出路和他国可借鉴的经验（B站大学有同名课程，非社会学专业慎读此专著）,
Lenod,《理想国》（《Πολιτεία》）,【古典希腊】柏拉图（Plato，Πλατών）,以下OS（竟然还没人写，这可是罗老师都强推的顶级经典。任何对人生、世界有思考者的必读书目）,
Lenod,《为孩子重塑教育——更有可能成功的路》(《Most Likely to Succeed》,【美】托尼·瓦格纳（Tony Wagner）、泰德·丁特史密斯（Ted Dintersmith）,教育的核心、重任、未来,
好好休息,《论法的精神》（De l'esprit des lois）,【法】孟德斯鸠（Montesquieu）,继约翰洛克后日臻完善的“分权”理论，直接影响美联邦制度建立。,
无敌丁丁呢,《裸体艺术论》,陈醉,描绘人自身是人类艺术永恒不变的主题之一,
无敌丁丁呢,《当代人体艺术》,陈醉,,
假动作丶False,《浪潮之巅》,吴军,几个定律加公司兴衰，读出了三体的感觉，很爽。它阐述了我们如今这个时代是如何铸就的。如果要了解互联网，这本是必读之书。,
肥肥红,《启蒙辩证法 哲学断片》,霍克海默,传播政治经济学经典读物，其中的理论影响至今，能够洞察大众社会的矛盾,
肥肥红,《词与物》,福柯,媒介谱系，知识考古学，媒介哲学,
安德与千,《艺术的故事》,【英】E. T贡布里希,这既是艺术史，也是以艺术为轴的西方宗教与历史的发展史。,
安德与千,《伯里曼人体结构绘画教学》,【美】乔治. 伯里曼,人体结构方面的集大成者，画家的新华字典。,
茶狮,《高手：精英的见识和我们的时代》,万维钢,该书涵盖了《巨人的工具》等书籍的总结和一部分作者自己的方法论，是探索新的方法方式不错的一本书籍,
Iamlibilibi,《君主论》,马基雅维利,五百年前马基雅维利献给统治者的一本小册子，他将政治从道德中剥离开来，探讨君主如何稳固其统治，而五百年前的戏码，如今还在上演,
Ulak,《魔鬼经济学》,【美】史蒂芬.列维特、史蒂芬.都伯纳,“透过现象看本质”如果伦理道德是理想世界，那么经济学就是现实世界。,
木子云,《教育漫话》,洛克,看到还没有教育类，洛克的这本教育漫话，是在其教育经验的基础上，与朋友信件来往中整理而出，没有晦涩难懂，有很多也很值得当代借鉴。,
她曾说天要蓝,《反脆弱》,纳西姆•尼古拉斯•塔勒布,,
她曾说天要蓝,《非对称风险》,纳西姆▪尼古拉斯▪塔勒布,,
她曾说天要蓝,《认知天性》,彼得•布朗/亨利•勒迪格三世,,
她曾说天要蓝,《梦的解析》,弗洛伊德,,
她曾说天要蓝,《原则》,瑞·达利欧,,
她曾说天要蓝,《如何阅读一本书》,莫提默·J. 艾德勒,,
千年老曹,《学会提问》,【美】尼尔·布朗,锻炼辩证思维的法宝,
千年老曹,《亲密关系》,罗兰·米勒,用实证的方法教你如何看待和构建亲密关系,
千年老曹,《社会心理学》,【美】戴维·迈尔斯,探究如何认识自己，如何看待自己与社会的关系，于实证中揭示人的本质。,
飒飒飒,《我的晃荡青春》,东野奎吾,在人的一生中总会有很多“晃荡”无所事事迷茫的时期，在这些时候不妨可以来读一读这本书，可以在其中得到一些无意义却让人感觉到有一丝放松的东西。,
飒飒飒,《岛上书店》,加布瑞埃拉·泽文,总有那么一些时间 会让人感受到煎熬，像独处时侯的孤苦无依，情侣分开时候的痛心，或者是无人排解的忧愁。在遇到这些时，我很推荐你去随手翻一翻这本书，说不定就能够得到排解了呢？哈。,
春星祈愿,《基础有机化学》,刑其毅,化学类考研公认教材，自己看来之后确实觉得很好,
hyl7171,《存在主义心理治疗》,欧文·亚隆,帮我走出迷茫，解答了部分人生焦虑，然后从关心周围小事开始，逐渐重拾信心,
干饭王,《毛泽东选集》（1-5）,毛泽东,学习毛主席的斗争思想，提高自己的思想境界，做好社会主义的建设者,
sk8和尚,《泰戈尔诗集》（飞鸟和新月）,泰戈尔,感受了爱情与童真,
中医雨霁,《黄帝内经》,众多秦汉医家,内经是中医学的一个源头，一句话的展开就可能诞生一个伟大的医学流派。每一名中医人的必读著作,
中医雨霁,《伤寒杂病论》,张仲景,仲景在书中建立了一套精美的辨证体系，使后世学医者可以纲举目张。它不仅是一本方剂学专著，更是中医理论框架的重要组成部分。,
邻居家的龙骑,《百年孤独》,加西亚•马尔克斯,一个家族百年兴衰的故事，意味尤深,
panda,牧羊少年奇幻之旅,Paulo Coelho,讨论关于寻求自我价值的旅程,
邻居家的龙骑,《论人类不平等的起源》,让•亚克•卢梭,卢梭对人类社会如何发展至今的思考，以及对人类命运走向的猜想,
饭前便后嘤,《基础有机化学》,邢其毅,看到上面有两个已经写了好亲切啊哈哈哈我也要推荐，都看看吧看看吧！！,
邻居家的龙骑,《苏菲的世界》,乔斯坦•贾德,哲学启蒙和入门的老师,
邻居家的龙骑,《我讨厌的10种好人》,中岛义道,该书摆脱了社会对人的刻板印象，着重表达每个人的个性，值得学习,
邻居家的龙骑,《动物农场》,乔治•奥威尔,动物们反抗人类的剥削压迫，建立一个平等社会的故事,
panda,你当像鸟飞往你的山,Tara Westover,一个姑娘摆脱愚昧、家庭的阻碍走向教育的故事,
panda,一九八四 1984,George Owell,Big brother is watchiong you!,
panda,小王子,Antoine de Saint-Exupéry,童心之源, 各语种译本, 适合用作语言学习,
言灵_kotodama,《百年孤独》,马尔克斯,,
Ocean,《装台》,陈彦,描写西安文化及社会现象,
安德与千,《绘画的头脑风暴》,(英)皮亚. 山姆 菲利普. 贝弗利,激发灵感的创意练习，每个人都是艺术家,
书生,《非暴力沟通》,,父母总是用吵架来代替沟通，很怕受原生家庭的影响，想学好好沟通的人可以看一下,
星尘,《笑场》,李诞（蛋总）,在一言一语中体会陪伴与人生！,
,《鲁迅全集》,,不需解释，鲁迅两个字就是最好的解释,
好意浓,《蒋勋说红楼梦》（上海三联书店版本）,蒋勋,适合初读红楼的朋友，能够在蒋勋先生的讲堂得到更深的体会。（蒋勋先生说，他是把《红楼梦》当作佛经来读的，因为里面处处是慈悲，处处也都是觉悟。）,
安德与千,《万物解释者》,(美)兰道尔.门罗,科普书籍，用手绘和简单文字讲述尖端科学。整本书没有任何难理解的词汇，无论你是小朋友还是成年人，阅读这本书都是十分有趣的。,
Thello,《浮世画家》,石黑一雄,似乎从书里每一个不同的角色的角度，我都能看到不同的世界【多看几遍吧~】,
an131466,《加密与解密》,段钢,计算机类偏逆向书籍(新手必备),
Alexander_邱,《美国反对美国》,王沪宁,我认为这本书还可以叫做美国社会调研报告，考察的很全面很详细，给你一个全面而又真实的美国本身,
众议院吾无者无,人间失格,太宰治,通过痛苦感受美好,
贝克与璐,《学习之道》,芭芭拉,,
癞皮狗的爪爪,《故事策略》《经典人物原型45种》,埃里克·埃德森、维多利亚•林恩•施密特,两本编剧工具书，五六十条需要牢牢背记的傻瓜知识模型。不必羞耻于掉书袋，先掌握方法论，后用细水磨积岩。吃得苦中苦，纸上得来才不浅，灵感意念非玄学，读书千变万化同。将编故事所需的镣铐当做朋友，才能成为为大多数观众服务的成熟创作者。,
中医雨霁,《临证指南医案》,叶天士,叶氏不仅是温病大家，也是伤寒论的集大成者，本书通过医案展示了叶氏的学术思想，如络病的治法，半夏泻心汤治湿热，小半夏汤通胃阳....,
中医雨霁,《温病纵横》,赵绍琴,赵老为三代中医家传，几十年的临床经验形成了对温病的独特认识，对在卫汗之可也等问题进行了建设性的解答。,
当微风吹拂我们的脸颊,《共产党宣言》,马克思、恩格斯,无产阶级在这个革命中失去的只是枷锁，他获得的将是整个世界,
当微风吹拂我们的脸颊,《局外人》,加缪,道德判你死刑，哲学证你无罪。by豆瓣热评,
当微风吹拂我们的脸颊,《江村经济》,费孝通,,
烟雨休,《一日看尽长安花》,程郁缀,热爱中华传统文化的可以来看看。从先秦到明清历史长河中的文学故事娓娓道来，名章佳句信手拈来，非常好看，雅俗共赏，可以在起点中文网试看电子版,
颯斗,《现代密码学──原理与协议》,乔纳森·卡茨，耶胡达·林德尔,现代密码学教材，涵盖了密码学的基本知识与许多扩展性课题，推荐给每一位对网络安全所感兴趣的同学,
无纹西瓜,《望春风》,格非,演绎幽微处世情人性，乡土小说，没什么大场面，但是幽默有趣,
苦涩的生物碱,《性学三论》,西格蒙德•弗洛伊德,性学鼻祖弗洛伊德所著，该书在性学领域非常重要，在人类思想文化史中占据一席之地。希望了解相关知识的同学可以耐下性子看看,
一只哒宰桑哒小迷妹,《阅读的故事》,唐娜,作者身边充斥着作家，读了很多年书，却才刚刚提笔。多年的阅读让他真正成为了许知远口中的“天下第一读书人。”这本书以加西尔·马尔克斯的《迷宫里的将军》为引，解读了大部分人会对阅读有的疑问。它是我重新爱上看书的理由。,
萌萌哒的酸奶片,《心路沧桑》,高戈里,从国民党六十军到共产党五十军的心路历程变化，体验那个艰难但又伟大的时代.体会共产党战无不胜的根本力量，为了人民.,
糊涂地明白,《古文观止》,吴楚材，吴调侯,顾名思义，读完这本书，你的文言文水平就炉火纯青了。而且里面讲的其实是从周朝到明朝的历史，在学习文言文的同时也会学到很多历史知识。,
子沫,《追风筝的人》,卡勒德·胡赛尼，李继宏,为你，千千万万遍。——来自书中，治愈与被治愈的故事。,
Carpediem丶,《四书章句集注》,朱熹,中国古典经典，必读。,
San,《高效能人士的七个习惯》,史蒂芬.科维,名字很官方，内容令人深受启迪，强推！！！,
k,苏菲的世界,乔斯坦 贾德,"从最原始的主体论到20世纪的虚无主义，书本身也透露着""思辨""，非常适合哲学入门以及提升自己的思辨能力（此书为入门级，关于教父哲学之后的讲的不是特别详细）",
阿弥尔于莲,,,,
,《通向实在之路》,[英] 罗杰·彭罗斯,,
STEADILY,《簡愛》,夏洛蒂，勃朗特,,
STEADILY,《黑暗坡食人樹》,島田莊司【日】,,
STEADILY,《無人生還》,阿加莎，克利斯蒂【英】,,
黑色麻雀W,《不能承受生命之轻》,米兰·昆德拉,适合反复阅读，其中关于哲学的讨论很脚踏实地，不是那种空谈,
93年的农夫,《看见》,柴静,从新闻人视角去看待这个世界，了解何谓世间百态。,
纯情的小火鸡,《八次危机》,温铁军,温老师是从是三农经济的学者，很多人对这一领域其实是很陌生的，但诸位如若对从民国至今的中美贸易战有所兴趣或研究可以入手温铁军老师系类书籍。在b站上也有相关视频，可以先了解这个行业领域。三农经济与每一个人都息息相关，微妙的变化就发生在我们身边，希望当今的新一代年轻人们都可以重视起来。,
纯情的小火鸡,《去依附》,温铁军,也可以在b站搜陈平老师，陈老师人送外号眉山剑客，温老师更加谦卑些。十几分钟的视频，希望各位可以喜欢并了解。,
Tristesse_STK,《掌控习惯》,詹姆斯·克利尔【美】,作者对人的习惯的养成作了非常多的分析，背后涉及到人的心理、环境等等的因素，也列举了不少有效的解决问题的方法。个人觉得对于大部分读者都会很有指导性意义。,
jzh,《C++ Primer》,stanley B.Lippman,c++经典作品，也是计算机专业的必读书籍 可以说读完了c++primer就算入了c++的门,
jzh,《计算机网络（自顶向下方法）》,詹姆斯.F.库罗斯,从顶层开始讲述计算机网络的内容，激发读者阅读兴趣，具有硬核的知识,
龍渊,《金字塔原理》,芭芭拉·明托,尤其是商科学生，商业和论文写作必备书籍,
jzh,《具体数学（计算机科学基础）》,ronald L.Graham,具有较深入的数学分析的内容，可以增加对于算法的理解,
龍渊,《谁说菜鸟不会数据分析》,,不涉及数学的简单常用数据分析方法和体系,
龍渊,《数据挖掘导论》,Michael steinbach,对理论和数学要求不高的数据挖掘书籍,
Nagato,《数学分析中的典型问题与方法》,裴礼文,对数学分析当中的典型例题与思想方法列举全面，对思想方法的阐述和为何可以想到做了不错的描述，适合一直抱有“他为什么会想到？”这种疑问的同学阅读,
龍渊,《博弈论基础要点注释与解题精编》,李光久,考试和构建博弈论知识框架的绝对神器，建议在阅读正式教材前把本书弄懂,
龍渊,《现代宏观经济学：起源、发展和现状》,布莱恩·斯诺登等,相当强悍的focus宏观经济学理论发展的书籍，建议和初级或中级或高级宏观经济学一起学习，以加深对于理论及其发展的理解，有助于真正的科研,
Nagato,《数学分析》,徐森林,该书对各种理论证明给出了多种证明方法，涉及面广，该书的优势就是给出了多种解，并且理论深入，不过不适合初学数学分析的同学阅读，对有一定基础的同学具有不错的参考价值,
Nagato,《高等代数》,丘维声,这本书在理论阐述方面详细，连续，不会有诸多“显然”“易得”，适合初学者阅读，阅读体验堪比小说，不过还是要好好的做习题再看下一章,
Nagato,《离散数学及其应用》,Kenneth H·Rosen,本书适合进行选择性学习，需要哪方面就看哪方面，值得一提的是这本书的习题丰富，不过并不建议全部做完，可以适当挑选进行选做,
Nagato,《代数》,Michael Artin,这本书包含了国内的高代和抽代一些内容，书中有很多的详细具体的例子，需要有一些线代和分析基础，包含难度适中，适量的习题，私以为很适合自学，不过可以主要集中在抽代部分,
Nagato,《概率论基础教程》,Sheldon M. Ross,作为一本概率的入门书籍，例子极为丰富，证明部分易于接受，习题难度适中，建议自己仔细研读例子并结合习题以及理论,
王子ian,彷徨之刃,东野圭吾,,
王子ian,放课后,东野圭吾,,
请叫我小纠,知行合一王阳明（共四本）,度阴山,通过本书可以了解明代著名哲学家王阳明的生平事迹，在作者度阴山的讲解下如庖丁解牛般的学习阳明心学。（需要注意的是，如果你是高中生，那你一定要抛开政治课本上的偏见来读此书）,
江见鲸,《被讨厌的勇气》,岸见一郎,这本书有很多和世俗观念相悖但是很有价值的言论，读来很有启发，书籍采用对话体的模式，很易懂不晦涩。,
Z.q,《1984》,乔治·奥威尔,这本书有很多对于自由的看法，映射当下引人深思,
ZZZNACL,《人类群星闪耀时》,史蒂芬·茨威格,历史事件小刻画，从中可以汲取到很多力量。,
宫长君羊,小海蒂,约翰娜·斯比丽,,
木夕夕奕,《南渡北归》,岳南,全景描述20世纪中国最后一批大师命运的史诗巨著。,
木夕夕奕,《红与黑》,司汤达,,
糯米蒸饭,《呼兰河传》,萧红,,
岳修远,《我与地坛》,史铁生,,
SanLin,《活法》,稻盛和夫,作者40年创建两家世界500强企业，这本书作者正面阐述人生的真理、生活的意义、人生应有的状态。,
甜.,《1844年经济学哲学手稿》,马克思,,
甜.,《动机与人格》,亚伯拉罕.马斯洛,,
liwangcai_,孩子你慢慢来,龙应台,一个母亲对孩子的爱,
liwangcai_,亲爱的安德烈,龙应台,怎么和父母交流 怎么和一个快十八岁的孩子交流,
liwangcai_,目送,龙应台,写父亲的逝、母亲的老、儿子的离、朋友的牵挂、兄弟的携手共行；写失败和脆弱、失落和放手，写缠绵不舍和绝然的虚无。,
liwangcai_,野火集,龙应台,书很好 （不要学习她的政治思想 ）,
一只不是咸鱼的甘棠,《中国人性论史·先秦篇》,徐复观,,
甘棠,《宋明理学十五讲》,杨立华,对宋明理学讲解清晰,
甘棠,《西方哲学简史》,赵敦华,适合哲学生 考试必备,
甘棠,《王学通论》,杨国荣,非常好的二手文献,
甘棠,《未来形而上学导论》,康德,纯批入门版 比纯粹理性批判简单 可以对康德思想有基本了解（建议搭配课程看）,
甘棠,《传习录》,王阳明,哲学萌新还需要推荐可私戳,
苗伟，字仰山,《结构性改革》,黄奇帆,百年未有之大变局，了解中国政治经济的脉络和未来发展方向，对普通人来说也是非常有意义的。,
☞義傑雲天☜,《深入理解计算机系统》（《Computer Systems: A Programmer's Perspective》）,(美)兰德尔·E.布莱恩特(Randal E.Bryant),“深入”且体系的了解“计算机”！！！,
是我阿克希呀,《肌肤之目》,(芬兰)尤哈尼·帕拉斯玛,建筑学理论研究的简单易读的小册子，把建筑囊括到人的视觉触觉等感官体验的转变历程之中，伴随着对现代社会剧烈变化和思想意识的思考，探讨建筑的本质,
是我阿克希呀,《爱的艺术》,（美）艾·弗洛姆,关于爱的理论，提出爱并非给与而是创造，它能够被学习和掌握。书深入浅出，对非专业人群非常友好。弗洛姆本身对马克思和弗洛伊德的学说有所研究，并做出补充和更新，希望人能够对自我解放，然后用自己的力量改变现实。书中能够找到非常多社会问题例如“原生家庭”“妇女解放”的答案。,
须臾,《第一行代码：Android》,郭霖,无论是Android入门还是进阶，这本书都是学习Android的不二之选，在业内享有很高盛誉，章节安排较合理全面。GitHub有配套源码。第三版已经更新到Android10。学的时候就跟着书一点点敲，如果一系列方法学会了可以适当的跳跃学习。,
蒜蓉辣椒仔,《活出生命的意义》,维克多·弗兰克尔,改变了我的世界观,让我的人生有了目标,
兔子老大天下无敌,《生物标本制作法》,鄂永昌 冯宋明,干制，浸泡法，骨骼标本等都有介绍，可以作为初步了解制作方法书籍。,
兔子老大天下无敌,《畜禽解剖学:含水　貂、鹿的解剖及动物解剖标本制作基础》,吉林农业大学等编,标本基础学习，建议要动手前把解剖结构了然于胸。不要怕，买个老母鸡回家切（滑稽）有兴趣或者大佬可以加QQ交流1764751108,
会飞的自行车,《血酬定律》,,,
会飞的自行车,《潜规则》,,,
会飞的自行车,《态度》,吴军,,
Lmmyh,《穷查理宝典》,彼得考夫曼,多元化思维的的受益者,
Lmmyh,《稀缺：我们是如何陷入贫穷与忙碌的》,,把复杂的本质变成了可以量化的语言,
柒一熬乔,《天蓝色的彼岸》,艾利克斯·希尔,生命，一个新的开始，死亡是在结束，我们的一生，也是另一个一生的开始。,
余暮雪,《人性的优点》,戴尔·卡耐基,有些时候，并不是生活的压力击垮了我们，而是我们自己击垮了自己。这本书让我们学会如何更好地生活,
多羟基醛,《食品工艺学》,夏文水等,食品工艺的系统性知识,
卓十五,《草房子》,曹文轩,这是一部讲究品位的少年长篇小说。 作品写了男孩桑桑刻骨铭心、终身难忘的六年小学生活。六年中，他亲眼目睹或直接参与了一连串看似寻常但又催人泪下、撼动人心的故事：少男少女之间毫无暇疵的纯情，不幸少年与厄运相拼时的悲怆与优雅，残疾男孩对尊严的执著坚守，垂暮老人在最后一瞬所闪...,
吃土的比蒙,《向上生长》,九边,作者是一位喜欢历史的码农，书中包含了他对成长、自我提升的经验，以及对于经济学与当前社会状况间相关性的分析。,
吃土的比蒙,《中国知青史》,刘小萌,系统并据实地记录了知青运动的始末。“此生若能得到幸福安稳，谁又愿颠沛流离”,
吃土的比蒙,《江南丝竹音乐大成》,《江南丝竹音乐大成》编委会,关于江南丝竹音乐的介绍、乐谱记载最全面的书籍。,
吃土的比蒙,《中国箫笛史》,林克仁,箫笛本同源，算得上中国最古老的乐器。这本书包含了对中国箫笛发展、制作史的研究，并有近现代的笛箫大家们的介绍。是笛箫爱好者不可绕过的作品。,
烤上盐灸生的着急晴,《车浩的刑法题》,车浩,零基础法学入门书籍，把刑法案例变成小说超级生动，看完后又体会到法学之外的许多感慨,
烤上盐灸生的着急晴,《刑法的私塾》,张明楷,建议大三大四的法学生看，看完之后发现我自己有许多对于刑法的观点是错误的，深受启发,
亚特兰蒂斯,《呐喊》,鲁迅,鲁迅，永远的神！结合当今的现状，你仍然能在这里找到自己的影子,
柳月,《古文字学简论》,林沄,文字学干货,
柳月,《社会研究的统计应用》,李沛良,人文科学论文必备,
柳月,《现代社会调查方法》,风笑天,写问卷必备,
七戈戈,《Grammar in Use》,Raymond Murphy,英语语法书，初、中、高级全集，用英语思维思考英语,
七戈戈,《Atomic Habits》（中：掌控习惯）,詹姆斯·克利尔,如果你想保持一个习惯如健身、阅读但又坚持不下去，如果你想改变一个坏习惯如抽烟。那我推荐这本书,
清风墨客,《潜规则-中国历史上的真实游戏》,吴思,以明清为主要时代背景，本书讲述官场潜规则的趣闻轶事，解读中国封建社会官场行贿“打点”的来龙去脉，官府与百姓关系等等，可读性非常强（7天看完）,
清风墨客,《哲学通论》,孙正聿,讲述哲学的起源与发展，曾作为课本教学。大学老师强烈推荐，但内容深奥，助眠利器。,
柳絮寻光,《双城记》,查尔斯·狄更斯（Charles Dickens）,很感人的一部书，让我看哭了,
浅浅,,,,
霖铃rainbow,《曾国藩传》,张宏杰,可以深入了解曾国藩的一生，学习他身上的精神,
SW斯凯沃克,《建筑构成学》,坂本一成、冢本由晴等,这本书一直被用作东京工业大学建筑系的教材，其中体系化的空间思维训练，专治建筑学尤其是大二同学在建筑学学习上感到迷茫、找不到门路等“症状”,
RyanHollis,《毛泽东传》,中央文献研究室,人民万岁,
笙梦昱,《房思琪的初恋乐园》,林奕含,一本涉及社会黑暗一面的书，一本看了很难受但是受益很深的书。,
赵阙,《诗经》,【先秦］孔夫子编辑整理,中国古典诗歌现实主义源头，孔夫子言：“《诗三百》一言以蔽之，思无邪。”,
赵阙,《搜神记》,【晋】干宝,晋朝的志怪杂谈中的精品，下启了唐宋传奇和话本。,
赵阙,《平家物语》,【日本】佚名,一代权臣家族的兴衰历史，一部日本文化的史诗话本。,
伊年,《独与天地精神往来》,张远山,作者做学问踏实严谨，是本全面的，事无巨细的，考究的解读注释庄子的著作，是现代难得的好书，读后收获很大,
赵阙,《白雪遗音》,［清］华广生编录,明清小曲的代表作之一，记录了众多民间小曲，多为风花雪月，才子佳人之事，内容雅俗共赏。是考察当时民风的重要资料。,
赵阙,《剪灯新话》,［明］瞿佑,才子佳人系列短篇小说集，内容多风花雪月，并且描述了元末战乱、百姓流离失所的残酷，描写了哪个扭曲的社会现状。虽然因其不堪之描写而多次遭到毁禁，但是就其艺术手法，和突破封建理教束缚的自由恋爱观来看，这是值得肯定书籍。推荐观看白话翻译本。,
良景,《画家之眼》,[美]安德鲁·路米斯,很多up主都有推荐过，于是就去看了，对于初期绘画的一些心态丝路等都有帮助,
MOUSEAT,宣传 观念、话语及其正当性,刘海龙,传播学必看书籍,
钢铁雄心超级粉丝,致股东的一封信,巴菲特,投资路上必不可少的一本好书,
躺猫君,《恶魔的饱食》,森村诚一,,
躺猫君,《穷查理宝典》,美彼得•考夫曼,,
躺猫君,《春琴抄》,谷绮润一郎,,
躺猫君,《当呼吸化为空气》,保罗•卡拉尼什,,
躺猫君,《相约星期二》,米奇•阿尔博姆,,
甜前必苦瓜,《撒哈拉的故事》,三毛,小孩子可以看懂故事，大人可以读懂内涵，可以让浮躁的人静下心来，细看这世间的平凡往事,
张尔莫斯,《社会心理学》,马尔克斯,,
热心网友,《百年孤独》,,,
热心网友,《心理学与生活》,,,
氺来,《原生家庭》,苏珊.福沃德,,
蚊子,文学课：如何轻松理解伟大作品,【美】托马斯·福斯特,就算是初中生也很好入手的，教你在读书的时候能主动思考,
蚊子,《树梢上的中国》,梁衡,作者采访一棵棵古树，挖掘它们背后的故事。其中有真实历史事件，也有人为保护自然所做的坚守。希望今后真的有“人文森林”学科！！！,
蚊子,阿城文集,钟阿城,一套七本，作者主要是在谈文化，挺幽默，有不少与其他作家以及他朋友的的访谈记录，十分有价值。第一本是小说：棋王树王孩子王。,
蚊子,北欧神话,【美】英格丽·多莱尔 埃德加·佩林·多莱尔 著/绘,插图很精美，值得带小朋友一起看。,
蚊子,大语文,曹文轩 编,一套十本，非常有高度的中外作品选本，分主题编定，适合初中以上的同学们看（还是有难度的）,
博啵凯,《舆论》,[美] 沃尔特·李普曼,传播学领域的经典，带你了解公众舆论形成的原因及其影响。,
博啵凯,《为什么学生不喜欢上学》,[美] 丹尼尔·T威林厄姆,认知心理学的普及读物，也是一本教育心理学的入门书籍。,
博啵凯,《我们时代的神经症人格》,[美] 卡伦·霍尼,全面分析了现代人的病态心理和变态人格。,
博啵凯,《我们内心的冲突》,[美] 卡伦·霍尼,讨论了人内心主要的冲突类型和它们的各种表现形式，分析并归纳了各种相互矛盾的态度和倾向。,
博啵凯,《语言学的邀请》,[美] 塞缪尔·早川/艾伦·早川,语言学领域的好书，值得一读。,
F,活着,余华,描写细腻，有默默温情,
氺来,撒哈拉的故事,三毛,,2021.7.1
氺来,人性的弱点,戴尔.卡耐基,,2021.7.1
莫念,刻意练习,安德斯.埃里克森and罗伯特.普尔,,2021.7.20
纨七,万万没想到,万维钢（同人于野）,,2021.7.22
鱼鱼,三体,刘慈欣,,2021.7.26
伐檀,如何阅读一本书,艾提默·艾德勒,,2021.7.29
安,山月记,中岛敦,,2021.8.2
阿米巴,自私的基因,查理德·道金斯,,2021.8.20
白泽啊,被讨厌的勇气,岸见一郎 古贺史健,,2021.8.22
白泽啊,像哲学家一样生活,威廉.B.欧文,,2021.8.22
白泽啊,原则,瑞.达利欧,,2021.8.22
the mote,教父,马里奥·普佐,是揭露阴险的犯罪集团的权威性的小说,2021.8.22
君秋,十问：霍金沉思录,（英）史蒂芬.霍金,开拓视野,2021.8.25
无缝,魁拔之书,青青树,西方近代哲学重大问题的异世讨论，理想主义的饕餮盛宴,2021.8.29
,乡土中国,费孝通,了解我们乡村的情况,2021.9.6
,三农问题与制度变迁,温铁军,,2021.9.6
巽,妇女、民族与女性主义,戴锦华,女性的另类思考，关注女性权利的同学都可以读一读。（节选一句，以中国知识女性为代表的女性群体再度浮出水面，却同时意味着中国劳动妇女群体社会生存图景渐次沉没于文化地表之下）,2021.9.11
卓,如何成为卓越的大学生,肯.贝恩,通识教育的教育理念，注重对能力的整合、好奇心的培养，而不是分数的追逐,2021.9.15
卓,思考，快与慢,丹尼尔.卡尼曼,通过此书你能了解人的大脑是如何对事物进行思考和判断的，认识到大脑认知与判断的系统性缺陷（作者是诺贝尔奖得主）,2021.9.15
哒哒哒油菜,白夜行,东野圭吾,在一次次试探人性底线的杀人案件中思考活着的意义。,2021.9.18
巽,代谢增长论,陈平,关于历史的解读的一种不同角度（适合当代学生），关于经济学提出非均衡概念，引出科学技术在经济中的作用，质疑新古典经济学家理论数条。,2021.9.19
灰少MAX,有效需求分析,徐峰,推荐给所有想入门或转行做产品经理的朋友，无论b端还是c端，做好需求分析永远是第一步，这本书中的一些隐喻故事可以很好的帮助大家建立“问题级需求”的思维方法，以及如何正确了解、分析需求和业务流程，非常实用。,2021.10.6
巽,从农业1.0到农业4.0,温铁军等作者,,2021.10.17
Herbie,黑天鹅：如何应对不可预知的未来,塔勒布,,2021.10.19
Herbie,指数基金投资指南,银行螺丝钉,,2021.10.19
Herbie,少有人走的路,M.斯科特.派克,,2021.10.19
Herbie,穷查理宝典,彼得考夫曼,,2021.10.19
Herbie,万历十五年,黄仁宇,,2021.10.19
Herbie,血酬定律,吴思,,2021.10.19
行远,置身室内：中国政府与经济发展,兰小欢,讨论中国经济就离不开中国政府，这本书就该上必修课教材,2021.11.14
Sam老师,内向 高敏者,西尔维亚落肯,这本书讲了内向之人如何在外向的世界生活。内向只是一种性格，并不是低人一等，内向的人也有属于他们展现才华的领域。,2021/12/17 7:38:01
荼鸦,人生海海,麦家,很好看的一本书,2021/12/17 9:50:00
烽烟aaa,当代中国社会分层,李强,详细分析了当代中国社会中的各个层级，从改革开放到目前的种种阶层变化，看完之后对现在中国社会会有更深的理解，对整体的发展方向也会有一定的感悟。,2021/12/17 11:41:20
烽烟aaa,献给阿尔吉侬的花束, 丹尼尔·凯斯,很棒的一本科幻作品，讲述了一个智障人士变为天才，最终又变回去的故事，叙述手法很有代入感，看起来也很有沉浸感。,2021/12/17 11:58:15
烽烟aaa,一桩事先张扬的凶杀案,加夫列尔·加西亚·马尔克斯,国内马尔克斯比较火的是《百年孤独》和《霍乱时期的爱情》，但这本马尔克斯的小说也很有韵味，里面有着马尔克斯对落后社会独特的思考，值得一看，也不厚。,2021/12/17 12:01:25
烽烟aaa,窄门,安德烈·纪德,纪德是1947年的诺贝尔文学奖获得者，不过貌似知名度不是特别的高。小说描写主人公杰罗姆自小爱着表姐阿莉莎，阿莉莎虽然对杰罗姆也怀有同样的感情，但她恪守清教徒的自我约束，把感情深深埋在心底，最后积忧成疾，不幸身亡。可能会有些人对这种爱情表示批判，不过这种显得畸形的爱情才有被写出来让众人评价的价值吧,2021/12/17 12:05:11
烽烟aaa,社会契约论,让·雅克·卢梭,启蒙运动中卢梭最知名的作品，系统的论述了主权在民思想，并最终影响了后续种种革命运动。读起来可能会有些无聊，建议量力而行。,2021/12/17 12:08:58
瞎瞄,生命之书,克里希纳穆提 著 胡因梦 译,这是一本心灵启蒙之书，引人向善，知命不惧，用自己的光照亮自己。,2021/12/17 12:55:53
1373214,第二性,波伏娃,说实话，是大学老师推荐的书，第一部分稍微晦涩了些，只能一点点看下去啃下去，但内容真的很值得花时间。,2021/12/17 15:00:13
3,，,，,，,2021/12/18 5:42:45
488497665,简爱,夏洛蒂·勃朗特,超好看的一部长篇小说,2021/12/18 9:20:19
